column,value,count,allowed
Alley,<missing>,2732,True
Alley,Grvl,120,True
Alley,Pave,78,True
BldgType,1Fam,2425,True
BldgType,TwnhsE,233,True
BldgType,Duplex,109,True
BldgType,Twnhs,101,True
BldgType,2fmCon,62,True
BsmtCond,TA,2616,True
BsmtCond,Gd,122,True
BsmtCond,Fa,104,True
BsmtCond,<missing>,80,True
BsmtCond,Po,5,True
BsmtCond,Ex,3,True
BsmtExposure,No,1906,True
BsmtExposure,Av,418,True
BsmtExposure,Gd,284,True
BsmtExposure,Mn,239,True
BsmtExposure,<missing>,83,True
BsmtFinType1,GLQ,859,True
BsmtFinType1,Unf,851,True
BsmtFinType1,ALQ,429,True
BsmtFinType1,Rec,288,True
BsmtFinType1,BLQ,269,True
BsmtFinType1,LwQ,154,True
BsmtFinType1,<missing>,80,True
BsmtFinType2,Unf,2499,True
BsmtFinType2,Rec,106,True
BsmtFinType2,LwQ,89,True
BsmtFinType2,<missing>,81,True
BsmtFinType2,BLQ,68,True
BsmtFinType2,ALQ,53,True
BsmtFinType2,GLQ,34,True
BsmtQual,TA,1283,True
BsmtQual,Gd,1219,True
BsmtQual,Ex,258,True
BsmtQual,Fa,88,True
BsmtQual,<missing>,80,True
BsmtQual,Po,2,True
CentralAir,Y,2734,True
CentralAir,N,196,True
Condition1,Norm,2522,True
Condition1,Feedr,164,True
Condition1,Artery,92,True
Condition1,RRAn,50,True
Condition1,PosN,39,True
Condition1,RRAe,28,True
Condition1,PosA,20,True
Condition1,RRNn,9,True
Condition1,RRNe,6,True
Condition2,Norm,2900,True
Condition2,Feedr,13,True
Condition2,Artery,5,True
Condition2,PosA,4,True
Condition2,PosN,4,True
Condition2,RRNn,2,True
Condition2,RRAe,1,True
Condition2,RRAn,1,True
Electrical,SBrkr,2682,True
Electrical,FuseA,188,True
Electrical,FuseF,50,True
Electrical,FuseP,8,True
Electrical,<missing>,1,True
Electrical,Mix,1,True
ExterCond,TA,2549,True
ExterCond,Gd,299,True
ExterCond,Fa,67,True
ExterCond,Ex,12,True
ExterCond,Po,3,True
ExterQual,TA,1799,True
ExterQual,Gd,989,True
ExterQual,Ex,107,True
ExterQual,Fa,35,True
Exterior1st,VinylSd,1026,True
Exterior1st,MetalSd,450,True
Exterior1st,HdBoard,442,True
Exterior1st,Wd Sdng,420,True
Exterior1st,Plywood,221,True
Exterior1st,CemntBd,126,True
Exterior1st,BrkFace,88,True
Exterior1st,WdShing,56,True
Exterior1st,AsbShng,44,True
Exterior1st,Stucco,43,True
Exterior1st,BrkComm,6,True
Exterior1st,AsphShn,2,True
Exterior1st,CBlock,2,True
Exterior1st,Stone,2,True
Exterior1st,ImStucc,1,True
Exterior1st,PreCast,1,True
Exterior2nd,VinylSd,1015,True
Exterior2nd,MetalSd,447,True
Exterior2nd,HdBoard,406,True
Exterior2nd,Wd Sdng,397,True
Exterior2nd,Plywood,274,True
Exterior2nd,CmentBd,126,True
Exterior2nd,Wd Shng,81,True
Exterior2nd,BrkFace,47,True
Exterior2nd,Stucco,47,True
Exterior2nd,AsbShng,38,True
Exterior2nd,Brk Cmn,22,True
Exterior2nd,ImStucc,15,True
Exterior2nd,Stone,6,True
Exterior2nd,AsphShn,4,True
Exterior2nd,CBlock,3,True
Exterior2nd,Other,1,True
Exterior2nd,PreCast,1,True
Fence,<missing>,2358,True
Fence,MnPrv,330,True
Fence,GdPrv,118,True
Fence,GdWo,112,True
Fence,MnWw,12,True
FireplaceQu,<missing>,1422,True
FireplaceQu,Gd,744,True
FireplaceQu,TA,600,True
FireplaceQu,Fa,75,True
FireplaceQu,Po,46,True
FireplaceQu,Ex,43,True
Foundation,PConc,1310,True
Foundation,CBlock,1244,True
Foundation,BrkTil,311,True
Foundation,Slab,49,True
Foundation,Stone,11,True
Foundation,Wood,5,True
Functional,Typ,2728,True
Functional,Min2,70,True
Functional,Min1,65,True
Functional,Mod,35,True
Functional,Maj1,19,True
Functional,Maj2,9,True
Functional,Sal,2,True
Functional,Sev,2,True
GarageCond,TA,2665,True
GarageCond,<missing>,159,True
GarageCond,Fa,74,True
GarageCond,Gd,15,True
GarageCond,Po,14,True
GarageCond,Ex,3,True
GarageFinish,Unf,1231,True
GarageFinish,RFn,812,True
GarageFinish,Fin,728,True
GarageFinish,<missing>,159,True
GarageQual,TA,2615,True
GarageQual,<missing>,159,True
GarageQual,Fa,124,True
GarageQual,Gd,24,True
GarageQual,Po,5,True
GarageQual,Ex,3,True
GarageType,Attchd,1731,True
GarageType,Detchd,782,True
GarageType,BuiltIn,186,True
GarageType,<missing>,157,True
GarageType,Basment,36,True
GarageType,2Types,23,True
GarageType,CarPort,15,True
Heating,GasA,2885,True
Heating,GasW,27,True
Heating,Grav,9,True
Heating,Wall,6,True
Heating,OthW,2,True
Heating,Floor,1,True
HeatingQC,Ex,1495,True
HeatingQC,TA,864,True
HeatingQC,Gd,476,True
HeatingQC,Fa,92,True
HeatingQC,Po,3,True
HouseStyle,1Story,1481,True
HouseStyle,2Story,873,True
HouseStyle,1.5Fin,314,True
HouseStyle,SLvl,128,True
HouseStyle,SFoyer,83,True
HouseStyle,2.5Unf,24,True
HouseStyle,1.5Unf,19,True
HouseStyle,2.5Fin,8,True
KitchenQual,TA,1494,True
KitchenQual,Gd,1160,True
KitchenQual,Ex,205,True
KitchenQual,Fa,70,True
KitchenQual,Po,1,True
LandContour,Lvl,2633,True
LandContour,HLS,120,True
LandContour,Bnk,117,True
LandContour,Low,60,True
LandSlope,Gtl,2789,True
LandSlope,Mod,125,True
LandSlope,Sev,16,True
LotConfig,Inside,2140,True
LotConfig,Corner,511,True
LotConfig,CulDSac,180,True
LotConfig,FR2,85,True
LotConfig,FR3,14,True
LotShape,Reg,1859,True
LotShape,IR1,979,True
LotShape,IR2,76,True
LotShape,IR3,16,True
MSSubClass,20,1079,True
MSSubClass,60,575,True
MSSubClass,50,287,True
MSSubClass,120,192,True
MSSubClass,30,139,True
MSSubClass,160,129,True
MSSubClass,70,128,True
MSSubClass,80,118,True
MSSubClass,90,109,True
MSSubClass,190,61,True
MSSubClass,85,48,True
MSSubClass,75,23,True
MSSubClass,45,18,True
MSSubClass,180,17,True
MSSubClass,40,6,True
MSSubClass,150,1,True
MSZoning,RL,2273,True
MSZoning,RM,462,True
MSZoning,FV,139,True
MSZoning,RH,27,True
MSZoning,C (all),25,True
MSZoning,A (agr),2,True
MSZoning,I (all),2,True
MasVnrType,None,1752,True
MasVnrType,BrkFace,880,True
MasVnrType,Stone,249,True
MasVnrType,BrkCmn,25,True
MasVnrType,<missing>,23,True
MasVnrType,CBlock,1,True
MiscFeature,<missing>,2824,True
MiscFeature,Shed,95,True
MiscFeature,Gar2,5,True
MiscFeature,Othr,4,True
MiscFeature,Elev,1,True
MiscFeature,TenC,1,True
Neighborhood,NAmes,443,True
Neighborhood,CollgCr,267,True
Neighborhood,OldTown,239,True
Neighborhood,Edwards,194,True
Neighborhood,Somerst,182,True
Neighborhood,NridgHt,166,True
Neighborhood,Gilbert,165,True
Neighborhood,Sawyer,151,True
Neighborhood,NWAmes,131,True
Neighborhood,SawyerW,125,True
Neighborhood,Mitchel,114,True
Neighborhood,BrkSide,108,True
Neighborhood,Crawfor,103,True
Neighborhood,IDOTRR,93,True
Neighborhood,Timber,72,True
Neighborhood,NoRidge,71,True
Neighborhood,StoneBr,51,True
Neighborhood,SWISU,48,True
Neighborhood,ClearCr,44,True
Neighborhood,MeadowV,37,True
Neighborhood,BrDale,30,True
Neighborhood,Blmngtn,28,True
Neighborhood,Veenker,24,True
Neighborhood,NPkVill,23,True
Neighborhood,Blueste,10,True
Neighborhood,Greens,8,True
Neighborhood,GrnHill,2,True
Neighborhood,Landmrk,1,True
PavedDrive,Y,2652,True
PavedDrive,N,216,True
PavedDrive,P,62,True
PoolQC,<missing>,2917,True
PoolQC,Ex,4,True
PoolQC,Gd,4,True
PoolQC,TA,3,True
PoolQC,Fa,2,True
RoofMatl,CompShg,2887,True
RoofMatl,Tar&Grv,23,True
RoofMatl,WdShake,9,True
RoofMatl,WdShngl,7,True
RoofMatl,ClyTile,1,True
RoofMatl,Membran,1,True
RoofMatl,Metal,1,True
RoofMatl,Roll,1,True
RoofStyle,Gable,2321,True
RoofStyle,Hip,551,True
RoofStyle,Gambrel,22,True
RoofStyle,Flat,20,True
RoofStyle,Mansard,11,True
RoofStyle,Shed,5,True
SaleCondition,Normal,2413,True
SaleCondition,Partial,245,True
SaleCondition,Abnorml,190,True
SaleCondition,Family,46,True
SaleCondition,Alloca,24,True
SaleCondition,AdjLand,12,True
SaleType,WD ,2536,True
SaleType,New,239,True
SaleType,COD,87,True
SaleType,ConLD,26,True
SaleType,CWD,12,True
SaleType,ConLI,9,True
SaleType,ConLw,8,True
SaleType,Oth,7,True
SaleType,Con,5,True
SaleType,VWD,1,True
Street,Pave,2918,True
Street,Grvl,12,True
Utilities,AllPub,2927,True
Utilities,NoSewr,2,True
Utilities,NoSeWa,1,True
