column,explicit_missing,default_missing,difference
Id,0,0,0
PID,0,0,0
MSSubClass,0,0,0
MSZoning,0,0,0
LotFrontage,490,490,0
LotArea,0,0,0
Street,0,0,0
Alley,2732,2732,0
LotShape,0,0,0
LandContour,0,0,0
Utilities,0,0,0
LotConfig,0,0,0
LandSlope,0,0,0
Neighborhood,0,0,0
Condition1,0,0,0
Condition2,0,0,0
BldgType,0,0,0
HouseStyle,0,0,0
OverallQual,0,0,0
OverallCond,0,0,0
YearBuilt,0,0,0
YearRemodAdd,0,0,0
RoofStyle,0,0,0
RoofMatl,0,0,0
Exterior1st,0,0,0
Exterior2nd,0,0,0
MasVnrType,23,1775,1752
MasVnrArea,23,23,0
ExterQual,0,0,0
ExterCond,0,0,0
Foundation,0,0,0
BsmtQual,80,80,0
BsmtCond,80,80,0
BsmtExposure,83,83,0
BsmtFinType1,80,80,0
BsmtFinSF1,1,1,0
BsmtFinType2,81,81,0
BsmtFinSF2,1,1,0
BsmtUnfSF,1,1,0
TotalBsmtSF,1,1,0
Heating,0,0,0
HeatingQC,0,0,0
CentralAir,0,0,0
Electrical,1,1,0
1stFlrSF,0,0,0
2ndFlrSF,0,0,0
LowQualFinSF,0,0,0
GrLivArea,0,0,0
BsmtFullBath,2,2,0
BsmtHalfBath,2,2,0
FullBath,0,0,0
HalfBath,0,0,0
BedroomAbvGr,0,0,0
KitchenAbvGr,0,0,0
KitchenQual,0,0,0
TotRmsAbvGrd,0,0,0
Functional,0,0,0
Fireplaces,0,0,0
FireplaceQu,1422,1422,0
GarageType,157,157,0
GarageYrBlt,159,159,0
GarageFinish,159,159,0
GarageCars,1,1,0
GarageArea,1,1,0
GarageQual,159,159,0
GarageCond,159,159,0
PavedDrive,0,0,0
WoodDeckSF,0,0,0
OpenPorchSF,0,0,0
EnclosedPorch,0,0,0
3SsnPorch,0,0,0
ScreenPorch,0,0,0
PoolArea,0,0,0
PoolQC,2917,2917,0
Fence,2358,2358,0
MiscFeature,2824,2824,0
MiscVal,0,0,0
MoSold,0,0,0
YrSold,0,0,0
SaleType,0,0,0
SaleCondition,0,0,0
SalePrice,0,0,0
