scale,bin,n,fitted_mean,residual_sd,top_to_bottom_sd_ratio
dollars,0,234,75071.56267,24812.56903,2.795579482
dollars,1,236,111414.5649,18404.48455,2.795579482
dollars,2,234,128066.7354,26674.9685,2.795579482
dollars,3,232,147181.5084,27759.75789,2.795579482
dollars,4,234,165316.9086,27096.67137,2.795579482
dollars,5,234,184218.3424,27736.41387,2.795579482
dollars,6,235,203685.4689,30978.60241,2.795579482
dollars,7,233,225586.5164,36579.68042,2.795579482
dollars,8,234,253367.5092,41241.77411,2.795579482
dollars,9,234,312233.776,69365.50889,2.795579482
log1p,0,234,11.46862127,0.2525464433,0.751233821
log1p,1,237,11.6643177,0.1706185663,0.751233821
log1p,2,231,11.74403492,0.2077439771,0.751233821
log1p,3,234,11.8476176,0.1925238199,0.751233821
log1p,4,235,11.94039318,0.1799587649,0.751233821
log1p,5,233,12.03650722,0.1889709802,0.751233821
log1p,6,235,12.1442681,0.1584419556,0.751233821
log1p,7,233,12.25504387,0.1896772933,0.751233821
log1p,8,234,12.39943163,0.1606490683,0.751233821
log1p,9,234,12.70140208,0.1897214296,0.751233821
