bin,lower_edge,upper_edge,dev_count,holdout_count,dev_share_pct,holdout_share_pct,diff_pp,within_tolerance
0,9.456418895,11.56362538,234,59,10,10.0855,0.0855,True
1,11.56362538,11.72804491,243,60,10.3846,10.2564,0.1282,True
2,11.72804491,11.81303746,234,59,10,10.0855,0.0855,True
3,11.81303746,11.89424109,225,56,9.6154,9.5726,0.0427,True
4,11.89424109,11.98293534,237,59,10.1282,10.0855,0.0427,True
5,11.98293534,12.08954445,232,58,9.9145,9.9145,0,True
6,12.08954445,12.20307265,233,58,9.9573,9.9145,0.0427,True
7,12.20307265,12.34583894,241,60,10.2991,10.2564,0.0427,True
8,12.34583894,12.54575748,227,57,9.7009,9.7436,0.0427,True
9,12.54575748,13.34550853,234,59,10,10.0855,0.0855,True
