column,n_missing,pct_missing,n_absent,n_unknown,classification,evidence,planned_handling
PoolQC,2917,99.556,2917,0,absent,PoolArea == 0,Layer 1 semantic fill with 'None' (M4)
MiscFeature,2824,96.382,2824,0,absent,MiscVal == 0,Layer 1 semantic fill with 'None' (M4)
Alley,2732,93.242,2732,0,absent,data dictionary (no companion column),Layer 1 semantic fill with 'None' (M4)
Fence,2358,80.478,2358,0,absent,data dictionary (no companion column),Layer 1 semantic fill with 'None' (M4)
FireplaceQu,1422,48.532,1422,0,absent,Fireplaces == 0,Layer 1 semantic fill with 'None' (M4)
LotFrontage,490,16.724,0,490,unknown,genuinely unknown (DOC-02 §6.3),Layer 2 fitted imputation: median + missing indicator (M5)
GarageCond,159,5.427,157,2,mixed,GarageArea == 0,Layer 1 semantic fill with 'None' (M4)
GarageFinish,159,5.427,157,2,mixed,GarageArea == 0,Layer 1 semantic fill with 'None' (M4)
GarageQual,159,5.427,157,2,mixed,GarageArea == 0,Layer 1 semantic fill with 'None' (M4)
GarageYrBlt,159,5.427,157,2,mixed,GarageArea == 0,"Not imputed: replaced by HasGarage and GarageAge (M4), then dropped"
GarageType,157,5.358,157,0,absent,GarageArea == 0,Layer 1 semantic fill with 'None' (M4)
BsmtExposure,83,2.833,79,4,mixed,TotalBsmtSF == 0,Layer 1 semantic fill with 'None' (M4)
BsmtFinType2,81,2.765,79,2,mixed,TotalBsmtSF == 0,Layer 1 semantic fill with 'None' (M4)
BsmtCond,80,2.73,79,1,mixed,TotalBsmtSF == 0,Layer 1 semantic fill with 'None' (M4)
BsmtFinType1,80,2.73,79,1,mixed,TotalBsmtSF == 0,Layer 1 semantic fill with 'None' (M4)
BsmtQual,80,2.73,79,1,mixed,TotalBsmtSF == 0,Layer 1 semantic fill with 'None' (M4)
MasVnrArea,23,0.785,23,0,absent,data dictionary (no companion column),Layer 1 semantic fill with 0 (M4)
MasVnrType,23,0.785,23,0,absent,data dictionary (no companion column),Layer 1 semantic fill with 'None' (M4)
BsmtFullBath,2,0.068,1,1,mixed,TotalBsmtSF == 0,Layer 1 semantic fill with 0 (M4)
BsmtHalfBath,2,0.068,1,1,mixed,TotalBsmtSF == 0,Layer 1 semantic fill with 0 (M4)
BsmtFinSF1,1,0.034,0,1,unknown,TotalBsmtSF == 0,Layer 1 semantic fill with 0 (M4)
BsmtFinSF2,1,0.034,0,1,unknown,TotalBsmtSF == 0,Layer 1 semantic fill with 0 (M4)
BsmtUnfSF,1,0.034,0,1,unknown,TotalBsmtSF == 0,Layer 1 semantic fill with 0 (M4)
Electrical,1,0.034,0,1,unknown,genuinely unknown (DOC-02 §6.3),Layer 2 fitted imputation: most frequent (M5)
GarageArea,1,0.034,0,1,unknown,GarageArea == 0,Layer 1 semantic fill with 0 (M4)
GarageCars,1,0.034,0,1,unknown,GarageArea == 0,Layer 1 semantic fill with 0 (M4)
TotalBsmtSF,1,0.034,0,1,unknown,TotalBsmtSF == 0,Layer 1 semantic fill with 0 (M4)
