feature,n,n_missing,min,q1,median,mean,q3,max,std,skewness,share_zero,n_distinct,top_value_share
LotFrontage,1958,382,21,59,68,69.17926456,80,313,22.92620048,1.23946276,0,124,0.1128702758
LotArea,2340,0,1300,7448.25,9374,10109.79402,11426,215245,7826.73734,12.90105825,0,1622,0.01666666667
OverallQual,2340,0,1,5,6,6.081623932,7,10,1.406545778,0.2221410006,0,10,0.2807692308
OverallCond,2340,0,1,5,5,5.558974359,6,9,1.112496843,0.6261638156,0,9,0.5696581197
YearBuilt,2340,0,1872,1953,1972,1970.82094,2001,2010,30.61271112,-0.5916704938,0,117,0.05
YearRemodAdd,2340,0,1950,1964,1993,1983.974359,2004,2010,21.05288097,-0.4292174308,0,61,0.1269230769
MasVnrArea,2324,16,0,0,0,101.3657487,164.25,1378,175.1825235,2.434634699,0.6011187608,396,0.6011187608
BsmtFinSF1,2339,1,0,0,360,436.1124412,734.5,2288,441.1948284,0.8381111512,0.3253527148,882,0.3253527148
BsmtFinSF2,2339,1,0,0,0,47.6477127,0,1474,164.512076,4.18281161,0.8841385207,226,0.8841385207
BsmtUnfSF,2339,1,0,221.5,480,564.4300983,812.5,2336,438.917663,0.8912311691,0.07994869602,1035,0.07994869602
TotalBsmtSF,2339,1,0,794.5,992,1048.190252,1305,3206,424.0231345,0.3940981599,0.02821718683,949,0.02821718683
1stFlrSF,2340,0,334,878,1084,1157.926923,1390,3820,378.9827028,0.9782894577,0,980,0.01538461538
2ndFlrSF,2340,0,0,0,0,333.1153846,701,1862,426.205206,0.8533817211,0.5743589744,558,0.5743589744
LowQualFinSF,2340,0,0,0,0,4.481196581,0,1064,45.05357683,12.75913488,0.9863247863,29,0.9863247863
GrLivArea,2340,0,334,1127.75,1444,1495.523504,1737.25,3820,487.2040805,0.8961634036,0,1160,0.01324786325
BsmtFullBath,2338,2,0,0,0,0.4264328486,1,2,0.5191441766,0.5630184303,0.5859709153,3,0.5859709153
BsmtHalfBath,2338,2,0,0,0,0.05816937553,0,2,0.241313767,4.138455137,0.9435414885,3,0.9435414885
FullBath,2340,0,0,1,2,1.561965812,2,4,0.5525079658,0.1876378935,0.004273504274,5,0.5209401709
HalfBath,2340,0,0,0,0,0.3709401709,1,2,0.4996894853,0.7293074397,0.6371794872,3,0.6371794872
BedroomAbvGr,2340,0,0,2,3,2.856837607,3,8,0.8257921685,0.2803210536,0.002991452991,8,0.5465811966
KitchenAbvGr,2340,0,0,1,1,1.047863248,1,3,0.2213867795,4.230722322,0.0008547008547,4,0.9512820513
TotRmsAbvGrd,2340,0,2,5,6,6.441025641,7,14,1.555701087,0.6718334232,0,12,0.2901709402
Fireplaces,2340,0,0,0,1,0.5948717949,1,4,0.6472682299,0.7520364924,0.4888888889,5,0.4888888889
GarageYrBlt,2205,135,1895,1960,1979,1977.919274,2002,2207,25.85346841,-0.3328729023,0,103,0.05260770975
GarageCars,2339,1,0,1,2,1.759726379,2,5,0.7657572626,-0.231983034,0.05728943993,6,0.5480974776
GarageArea,2339,1,0,320,478,470.5908508,576,1488,215.9083478,0.2207134003,0.05728943993,550,0.05728943993
WoodDeckSF,2340,0,0,0,0,92.96239316,168,1424,125.8318379,1.883905095,0.5243589744,347,0.5243589744
OpenPorchSF,2340,0,0,0,25,46.4025641,68,570,65.99468407,2.338257515,0.4521367521,231,0.4521367521
EnclosedPorch,2340,0,0,0,0,23.25128205,0,1012,65.39064788,4.222973819,0.8418803419,165,0.8418803419
3SsnPorch,2340,0,0,0,0,2.76965812,0,508,26.45218686,11.2703371,0.9867521368,27,0.9867521368
ScreenPorch,2340,0,0,0,0,16.22094017,0,576,56.38207462,3.966964006,0.9106837607,108,0.9106837607
PoolArea,2340,0,0,0,0,2.047435897,0,800,34.94743952,18.15279317,0.9961538462,10,0.9961538462
MiscVal,2340,0,0,0,0,47.25384615,0,15500,512.207651,21.40100996,0.9653846154,32,0.9653846154
MoSold,2340,0,1,4,6,6.223504274,8,12,2.677324482,0.1799552797,0,12,0.1752136752
YrSold,2340,0,2006,2007,2008,2007.797863,2009,2010,1.317717156,0.1367437501,0,5,0.241025641
