rank,feature,pearson,spearman
1,OverallQual,0.8302361642,0.8118490602
2,GrLivArea,0.7130460679,0.7189074381
3,GarageCars,0.683793448,0.7053945401
4,YearBuilt,0.6079535394,0.6755863236
5,GarageArea,0.6632704976,0.6634416225
6,FullBath,0.5783896953,0.6357579747
7,GarageYrBlt,0.5668345115,0.6305773931
8,YearRemodAdd,0.589622714,0.6037610983
9,TotalBsmtSF,0.6480235814,0.6031096293
10,1stFlrSF,0.6231253341,0.5843282245
11,Fireplaces,0.4974360609,0.5303190094
12,TotRmsAbvGrd,0.4904652602,0.4897085199
13,OpenPorchSF,0.3202634488,0.4730505612
14,MasVnrArea,0.456078198,0.4408874892
15,LotArea,0.2693220682,0.4309640227
16,LotFrontage,0.3566940125,0.4015821902
17,WoodDeckSF,0.3334036405,0.3633820092
18,HalfBath,0.3087520692,0.3345817364
19,BsmtFinSF1,0.4199107094,0.3270313859
20,BsmtFullBath,0.2795888035,0.2610705251
21,2ndFlrSF,0.2654689675,0.2348116802
22,EnclosedPorch,-0.1308911485,-0.2280752601
23,BedroomAbvGr,0.1786067556,0.1917051175
24,BsmtUnfSF,0.1931690045,0.1638230468
25,OverallCond,-0.05123410381,-0.1556009856
26,KitchenAbvGr,-0.1336186454,-0.1473962886
27,ScreenPorch,0.1138301546,0.08488201211
28,LowQualFinSF,-0.0421503819,-0.07211431891
29,MiscVal,-0.01243176249,-0.05321429626
30,MoSold,0.04192209562,0.0419337763
31,PoolArea,0.03442691344,0.04158703681
32,3SsnPorch,0.03705714834,0.0392609898
33,YrSold,-0.03822354168,-0.03299955106
34,BsmtHalfBath,-0.02194800537,-0.02780887063
35,BsmtFinSF2,0.02874724444,-0.02493524834
