feature_a,feature_b,pearson,strong
GarageCars,GarageArea,0.8946489348,True
YearBuilt,GarageYrBlt,0.8329374605,True
GrLivArea,TotRmsAbvGrd,0.8098628049,True
TotalBsmtSF,1stFlrSF,0.7873017405,True
BedroomAbvGr,TotRmsAbvGrd,0.67115611,False
2ndFlrSF,GrLivArea,0.6597670655,False
BsmtFinSF1,BsmtFullBath,0.6495448674,False
YearRemodAdd,GarageYrBlt,0.6492509397,False
GrLivArea,FullBath,0.6364942575,False
2ndFlrSF,HalfBath,0.6132059603,False
YearBuilt,YearRemodAdd,0.6081667174,False
OverallQual,GarageCars,0.5992388363,False
OverallQual,YearBuilt,0.5907097591,False
2ndFlrSF,TotRmsAbvGrd,0.5862325556,False
GarageYrBlt,GarageCars,0.5749206458,False
OverallQual,YearRemodAdd,0.5725338948,False
OverallQual,GrLivArea,0.5680304133,False
OverallQual,GarageArea,0.5659728233,False
OverallQual,GarageYrBlt,0.5607046193,False
OverallQual,TotalBsmtSF,0.5464848342,False
GarageYrBlt,GarageArea,0.5463801767,False
YearBuilt,GarageCars,0.5388521183,False
GrLivArea,BedroomAbvGr,0.5314215988,False
1stFlrSF,GrLivArea,0.5310361839,False
FullBath,TotRmsAbvGrd,0.5277660547,False
OverallQual,FullBath,0.5230035698,False
BsmtFinSF1,BsmtUnfSF,-0.5050568711,False
BsmtFinSF1,TotalBsmtSF,0.5011566552,False
