feature,role,n_levels,top_level,top_share,n_levels_under_1pct
Neighborhood,model_input,28,NAmes,0.1512820513,7
Exterior2nd,model_input,17,VinylSd,0.3435897436,7
Exterior1st,model_input,16,VinylSd,0.3487179487,6
MSSubClass,model_input,16,20,0.3705128205,5
SaleType,excluded,10,WD ,0.8636752137,7
Condition1,model_input,9,Norm,0.8564102564,4
Condition2,model_input,8,Norm,0.9905982906,7
Functional,model_input,8,Typ,0.9316239316,4
HouseStyle,model_input,8,1Story,0.508974359,3
BsmtFinType1,model_input,7,Unf,0.297008547,0
BsmtFinType2,model_input,7,Unf,0.8555555556,1
GarageType,model_input,7,Attchd,0.5876068376,2
MSZoning,model_input,7,RL,0.7739316239,4
BsmtCond,model_input,6,TA,0.8923076923,2
BsmtQual,model_input,6,TA,0.4427350427,1
FireplaceQu,model_input,6,None,0.4888888889,0
Foundation,model_input,6,PConc,0.4482905983,2
GarageCond,model_input,6,TA,0.9081196581,3
GarageQual,model_input,6,TA,0.8901709402,3
Heating,model_input,6,GasA,0.9829059829,4
RoofMatl,model_input,6,CompShg,0.9854700855,5
RoofStyle,model_input,6,Gable,0.7884615385,4
SaleCondition,excluded,6,Normal,0.8243589744,2
BldgType,model_input,5,1Fam,0.8273504274,0
BsmtExposure,model_input,5,No,0.6598290598,0
Electrical,model_input,5,SBrkr,0.9141025641,2
ExterCond,model_input,5,TA,0.8730769231,2
Fence,model_input,5,None,0.8076923077,1
HeatingQC,model_input,5,Ex,0.5153846154,1
KitchenQual,model_input,5,TA,0.5094017094,1
LotConfig,model_input,5,Inside,0.7333333333,1
MasVnrType,model_input,5,None,0.6064102564,2
PoolQC,model_input,5,None,0.9961538462,4
ExterQual,model_input,4,TA,0.6145299145,0
GarageFinish,model_input,4,Unf,0.4166666667,0
LandContour,model_input,4,Lvl,0.9038461538,0
LotShape,model_input,4,Reg,0.6393162393,1
MiscFeature,model_input,4,None,0.964957265,2
Alley,model_input,3,None,0.9264957265,0
LandSlope,model_input,3,Gtl,0.9517094017,1
PavedDrive,model_input,3,Y,0.8991452991,0
Utilities,model_input,3,AllPub,0.9987179487,2
CentralAir,model_input,2,Y,0.9290598291,0
Street,model_input,2,Pave,0.9957264957,1
