feature,level,count,share_pct
BsmtCond,Ex,2,0.08547008547
BsmtCond,Po,4,0.1709401709
BsmtFinType2,GLQ,23,0.9829059829
BsmtQual,Po,2,0.08547008547
Condition1,RRNe,6,0.2564102564
Condition1,RRNn,6,0.2564102564
Condition1,PosA,19,0.811965812
Condition1,RRAe,23,0.9829059829
Condition2,Artery,1,0.04273504274
Condition2,RRAe,1,0.04273504274
Condition2,RRAn,1,0.04273504274
Condition2,RRNn,2,0.08547008547
Condition2,PosN,3,0.1282051282
Condition2,PosA,4,0.1709401709
Condition2,Feedr,10,0.4273504274
Electrical,Mix,1,0.04273504274
Electrical,FuseP,5,0.2136752137
ExterCond,Po,3,0.1282051282
ExterCond,Ex,8,0.3418803419
Exterior1st,CBlock,1,0.04273504274
Exterior1st,ImStucc,1,0.04273504274
Exterior1st,PreCast,1,0.04273504274
Exterior1st,AsphShn,2,0.08547008547
Exterior1st,Stone,2,0.08547008547
Exterior1st,BrkComm,5,0.2136752137
Exterior2nd,Other,1,0.04273504274
Exterior2nd,PreCast,1,0.04273504274
Exterior2nd,AsphShn,3,0.1282051282
Exterior2nd,CBlock,3,0.1282051282
Exterior2nd,Stone,5,0.2136752137
Exterior2nd,ImStucc,10,0.4273504274
Exterior2nd,Brk Cmn,16,0.6837606838
Fence,MnWw,10,0.4273504274
Foundation,Wood,4,0.1709401709
Foundation,Stone,9,0.3846153846
Functional,Sev,1,0.04273504274
Functional,Sal,2,0.08547008547
Functional,Maj2,6,0.2564102564
Functional,Maj1,13,0.5555555556
GarageCond,Ex,1,0.04273504274
GarageCond,Gd,12,0.5128205128
GarageCond,Po,12,0.5128205128
GarageQual,Ex,2,0.08547008547
GarageQual,Po,5,0.2136752137
GarageQual,Gd,18,0.7692307692
GarageType,CarPort,8,0.3418803419
GarageType,2Types,22,0.9401709402
Heating,Floor,1,0.04273504274
Heating,OthW,2,0.08547008547
Heating,Wall,4,0.1709401709
Heating,Grav,8,0.3418803419
HeatingQC,Po,2,0.08547008547
HouseStyle,2.5Fin,7,0.2991452991
HouseStyle,1.5Unf,15,0.641025641
HouseStyle,2.5Unf,19,0.811965812
KitchenQual,Po,1,0.04273504274
LandSlope,Sev,12,0.5128205128
LotConfig,FR3,10,0.4273504274
LotShape,IR3,14,0.5982905983
MSSubClass,150,1,0.04273504274
MSSubClass,40,4,0.1709401709
MSSubClass,180,13,0.5555555556
MSSubClass,45,14,0.5982905983
MSSubClass,75,19,0.811965812
MSZoning,A (agr),1,0.04273504274
MSZoning,I (all),2,0.08547008547
MSZoning,C (all),20,0.8547008547
MSZoning,RH,21,0.8974358974
MasVnrType,CBlock,1,0.04273504274
MasVnrType,BrkCmn,20,0.8547008547
MiscFeature,Othr,3,0.1282051282
MiscFeature,Gar2,4,0.1709401709
Neighborhood,GrnHill,1,0.04273504274
Neighborhood,Landmrk,1,0.04273504274
Neighborhood,Blueste,7,0.2991452991
Neighborhood,Greens,8,0.3418803419
Neighborhood,NPkVill,18,0.7692307692
Neighborhood,Veenker,20,0.8547008547
Neighborhood,Blmngtn,23,0.9829059829
PoolQC,Fa,1,0.04273504274
PoolQC,Ex,2,0.08547008547
PoolQC,Gd,3,0.1282051282
PoolQC,TA,3,0.1282051282
RoofMatl,Membran,1,0.04273504274
RoofMatl,Roll,1,0.04273504274
RoofMatl,WdShngl,6,0.2564102564
RoofMatl,WdShake,8,0.3418803419
RoofMatl,Tar&Grv,18,0.7692307692
RoofStyle,Shed,5,0.2136752137
RoofStyle,Mansard,8,0.3418803419
RoofStyle,Flat,14,0.5982905983
RoofStyle,Gambrel,16,0.6837606838
SaleCondition,AdjLand,8,0.3418803419
SaleCondition,Alloca,17,0.7264957265
SaleType,VWD,1,0.04273504274
SaleType,Con,3,0.1282051282
SaleType,ConLw,6,0.2564102564
SaleType,Oth,7,0.2991452991
SaleType,ConLI,9,0.3846153846
SaleType,CWD,10,0.4273504274
SaleType,ConLD,22,0.9401709402
Street,Grvl,10,0.4273504274
Utilities,NoSeWa,1,0.04273504274
Utilities,NoSewr,2,0.08547008547
