feature,level,n,median_log_price
MSSubClass,120,156,12.1982708
MSSubClass,150,1,11.90767335
MSSubClass,160,95,11.8277435
MSSubClass,180,13,11.42955473
MSSubClass,190,54,11.7031031
MSSubClass,20,867,11.97666577
MSSubClass,30,110,11.43569036
MSSubClass,40,4,11.8778648
MSSubClass,45,14,11.63515195
MSSubClass,50,239,11.78296024
MSSubClass,60,444,12.27886286
MSSubClass,70,103,11.90834697
MSSubClass,75,19,12.00151161
MSSubClass,80,93,12.01673252
MSSubClass,85,40,11.90497431
MSSubClass,90,88,11.82556853
MSZoning,A (agr),1,9.480443842
MSZoning,C (all),20,11.30159912
MSZoning,FV,111,12.25009432
MSZoning,I (all),2,11.25211155
MSZoning,RH,21,11.88449592
MSZoning,RL,1811,12.05525557
MSZoning,RM,374,11.69525536
Street,Grvl,10,11.37584024
Street,Pave,2330,11.98434059
Alley,Grvl,108,11.71423749
Alley,None,2168,12.00732284
Alley,Pave,64,12.05931638
LotShape,IR1,770,12.15478461
LotShape,IR2,60,12.25101777
LotShape,IR3,14,12.26900806
LotShape,Reg,1496,11.88449592
LandContour,Bnk,92,11.8472574
LandContour,HLS,83,12.36734505
LandContour,Low,50,12.14949359
LandContour,Lvl,2115,11.98293534
Utilities,AllPub,2337,11.98293534
Utilities,NoSeWa,1,11.83138647
Utilities,NoSewr,2,11.30721262
LotConfig,Corner,408,11.98293534
LotConfig,CulDSac,139,12.24289144
LotConfig,FR2,67,11.99535779
LotConfig,FR3,10,12.21475194
LotConfig,Inside,1716,11.97004009
LandSlope,Gtl,2227,11.97980547
LandSlope,Mod,101,12.13886924
LandSlope,Sev,12,12.41590861
Neighborhood,Blmngtn,23,12.16785663
Neighborhood,Blueste,7,11.8277435
Neighborhood,BrDale,24,11.56647571
Neighborhood,BrkSide,89,11.74800549
Neighborhood,ClearCr,35,12.20857451
Neighborhood,CollgCr,205,12.20607765
Neighborhood,Crawfor,87,12.20657752
Neighborhood,Edwards,153,11.71994776
Neighborhood,Gilbert,140,12.10662786
Neighborhood,Greens,8,12.19521046
Neighborhood,GrnHill,1,12.34583894
Neighborhood,IDOTRR,73,11.54249398
Neighborhood,Landmrk,1,11.8277435
Neighborhood,MeadowV,29,11.37997676
Neighborhood,Mitchel,90,11.94954003
Neighborhood,NAmes,354,11.85652226
Neighborhood,NPkVill,18,11.87670672
Neighborhood,NWAmes,99,12.12811651
Neighborhood,NoRidge,52,12.61403485
Neighborhood,NridgHt,137,12.66823625
Neighborhood,OldTown,207,11.71178452
Neighborhood,SWISU,37,11.82408722
Neighborhood,Sawyer,115,11.80932691
Neighborhood,SawyerW,94,12.10348776
Neighborhood,Somerst,147,12.32386013
Neighborhood,StoneBr,39,12.67576685
Neighborhood,Timber,56,12.33914262
Neighborhood,Veenker,20,12.45873175
Condition1,Artery,76,11.72804491
Condition1,Feedr,134,11.82956499
Condition1,Norm,2004,12.01370681
Condition1,PosA,19,12.3194058
Condition1,PosN,33,12.26905214
Condition1,RRAe,23,11.87688084
Condition1,RRAn,39,12.04614447
Condition1,RRNe,6,11.89085252
Condition1,RRNn,6,12.28756167
Condition2,Artery,1,11.67844838
Condition2,Feedr,10,11.7578211
Condition2,Norm,2318,11.98293534
Condition2,PosA,4,12.95353728
Condition2,PosN,3,12.86100121
Condition2,RRAe,1,12.15478461
Condition2,RRAn,1,11.82704984
Condition2,RRNn,2,11.43534032
BldgType,1Fam,1936,12.01370681
BldgType,2fmCon,55,11.69442168
BldgType,Duplex,88,11.82556853
BldgType,Twnhs,78,11.82956499
BldgType,TwnhsE,183,12.10071769
HouseStyle,1.5Fin,261,11.7745279
HouseStyle,1.5Unf,15,11.63515195
HouseStyle,1Story,1191,11.9576177
HouseStyle,2.5Fin,7,12.16003394
HouseStyle,2.5Unf,19,11.87757552
HouseStyle,2Story,680,12.15214958
HouseStyle,SFoyer,64,11.8688556
HouseStyle,SLvl,103,12.01370681
RoofStyle,Flat,14,12.27405251
RoofStyle,Gable,1845,11.96972353
RoofStyle,Gambrel,16,11.74597825
RoofStyle,Hip,452,12.06681633
RoofStyle,Mansard,8,12.0432135
RoofStyle,Shed,5,12.15478461
RoofMatl,CompShg,2306,11.98293534
RoofMatl,Membran,1,12.39462889
RoofMatl,Roll,1,11.8277435
RoofMatl,Tar&Grv,18,12.15713365
RoofMatl,WdShake,8,12.43256895
RoofMatl,WdShngl,6,12.54075955
Exterior1st,AsbShng,38,11.62177878
Exterior1st,AsphShn,2,11.41599244
Exterior1st,BrkComm,5,11.97035664
Exterior1st,BrkFace,73,12.01673252
Exterior1st,CBlock,1,11.56172515
Exterior1st,CemntBd,99,12.41309088
Exterior1st,HdBoard,354,11.93164238
Exterior1st,ImStucc,1,12.4761036
Exterior1st,MetalSd,367,11.82041752
Exterior1st,Plywood,167,11.96400745
Exterior1st,PreCast,1,12.46844076
Exterior1st,Stone,2,12.45653996
Exterior1st,Stucco,33,11.82041752
Exterior1st,VinylSd,816,12.2185001
Exterior1st,Wd Sdng,334,11.83465376
Exterior1st,WdShing,47,11.79056478
Exterior2nd,AsbShng,32,11.63070751
Exterior2nd,AsphShn,3,11.51293546
Exterior2nd,Brk Cmn,16,11.89136875
Exterior2nd,BrkFace,37,12.01673252
Exterior2nd,CBlock,3,11.56172515
Exterior2nd,CmentBd,98,12.40282362
Exterior2nd,HdBoard,333,11.94211361
Exterior2nd,ImStucc,10,12.32067973
Exterior2nd,MetalSd,360,11.82591536
Exterior2nd,Other,1,12.67294952
Exterior2nd,Plywood,206,11.96065791
Exterior2nd,PreCast,1,12.46844076
Exterior2nd,Stone,5,12.08391066
Exterior2nd,Stucco,37,11.84940484
Exterior2nd,VinylSd,804,12.21989402
Exterior2nd,Wd Sdng,326,11.82544069
Exterior2nd,Wd Shng,68,11.83862631
MasVnrType,BrkCmn,20,11.9181972
MasVnrType,BrkFace,692,12.13216144
MasVnrType,CBlock,1,11.28979441
MasVnrType,None,1419,11.87583792
MasVnrType,Stone,208,12.4141061
ExterQual,Ex,87,12.82665182
ExterQual,Fa,30,11.4211853
ExterQual,Gd,785,12.28765724
ExterQual,TA,1438,11.84223641
ExterCond,Ex,8,11.97178665
ExterCond,Fa,53,11.6526961
ExterCond,Gd,233,11.91839724
ExterCond,Po,3,11.24505909
ExterCond,TA,2043,12.01370681
Foundation,BrkTil,246,11.73607702
Foundation,CBlock,991,11.84940484
Foundation,PConc,1049,12.23077014
Foundation,Slab,41,11.54249398
Foundation,Stone,9,11.8277435
Foundation,Wood,4,12.11182787
BsmtQual,Ex,205,12.6760794
BsmtQual,Fa,67,11.62626308
BsmtQual,Gd,963,12.16525586
BsmtQual,None,67,11.53077521
BsmtQual,Po,2,11.34869217
BsmtQual,TA,1036,11.81303746
BsmtCond,Ex,2,12.19533856
BsmtCond,Fa,81,11.68267668
BsmtCond,Gd,98,12.21478263
BsmtCond,None,67,11.53077521
BsmtCond,Po,4,11.61551878
BsmtCond,TA,2088,12.01067193
BsmtExposure,Av,335,12.12269647
BsmtExposure,Gd,214,12.41105423
BsmtExposure,Mn,177,12.06105265
BsmtExposure,No,1544,11.91839724
BsmtExposure,None,70,11.54972295
BsmtFinType1,ALQ,337,11.9283475
BsmtFinType1,BLQ,202,11.84940484
BsmtFinType1,GLQ,680,12.27373597
BsmtFinType1,LwQ,125,11.8277435
BsmtFinType1,None,67,11.53077521
BsmtFinType1,Rec,234,11.82225237
BsmtFinType1,Unf,695,11.97980547
BsmtFinType2,ALQ,39,11.94471437
BsmtFinType2,BLQ,54,11.90590933
BsmtFinType2,GLQ,23,12.28995873
BsmtFinType2,LwQ,69,11.93819974
BsmtFinType2,None,68,11.53663459
BsmtFinType2,Rec,85,11.91773036
BsmtFinType2,Unf,2002,12.01370681
Heating,Floor,1,11.19135563
Heating,GasA,2300,11.98916586
Heating,GasW,25,11.82041752
Heating,Grav,8,11.26113744
Heating,OthW,2,11.7416142
Heating,Wall,4,11.42343287
HeatingQC,Ex,1206,12.18587504
HeatingQC,Fa,75,11.70355409
HeatingQC,Gd,364,11.90159023
HeatingQC,Po,2,10.53051865
HeatingQC,TA,693,11.81229646
CentralAir,N,166,11.51791058
CentralAir,Y,2174,12.02575508
Electrical,FuseA,154,11.73206096
Electrical,FuseF,41,11.58059346
Electrical,FuseP,5,11.42846719
Electrical,Mix,1,11.11246282
Electrical,SBrkr,2139,12.03172521
KitchenQual,Ex,164,12.69158354
KitchenQual,Fa,55,11.56172515
KitchenQual,Gd,928,12.20607765
KitchenQual,Po,1,11.58525543
KitchenQual,TA,1192,11.82335409
Functional,Maj1,13,11.87757552
Functional,Maj2,6,11.23961211
Functional,Min1,52,11.86616159
Functional,Min2,56,11.84797424
Functional,Mod,30,11.76174266
Functional,Sal,2,10.15012106
Functional,Sev,1,11.04293784
Functional,Typ,2180,12.01067193
FireplaceQu,Ex,35,12.74256894
FireplaceQu,Fa,63,11.96718709
FireplaceQu,Gd,584,12.26904979
FireplaceQu,None,1144,11.81488588
FireplaceQu,Po,36,11.85829216
FireplaceQu,TA,478,12.14791847
GarageType,2Types,22,11.90659239
GarageType,Attchd,1375,12.12811651
GarageType,Basment,30,11.90497431
GarageType,BuiltIn,150,12.31714865
GarageType,CarPort,8,11.46917563
GarageType,Detchd,621,11.77529742
GarageType,None,134,11.51043123
GarageFinish,Fin,585,12.27373597
GarageFinish,None,135,11.51193497
GarageFinish,RFn,645,12.16003394
GarageFinish,Unf,975,11.81303746
GarageQual,Ex,2,12.38524276
GarageQual,Fa,97,11.6526961
GarageQual,Gd,18,12.41662288
GarageQual,None,135,11.51193497
GarageQual,Po,5,11.30098146
GarageQual,TA,2083,12.03765991
GarageCond,Ex,1,11.69941333
GarageCond,Fa,55,11.63515195
GarageCond,Gd,12,11.89473511
GarageCond,None,135,11.51193497
GarageCond,Po,12,11.58054979
GarageCond,TA,2125,12.03765991
PavedDrive,N,182,11.5875756
PavedDrive,P,54,11.76912191
PavedDrive,Y,2104,12.03669745
PoolQC,Ex,2,12.84836211
PoolQC,Fa,1,12.10625784
PoolQC,Gd,3,12.46844076
PoolQC,None,2331,11.98293534
PoolQC,TA,3,11.93819974
Fence,GdPrv,91,12.01370681
Fence,GdWo,86,11.82956499
Fence,MnPrv,263,11.83138647
Fence,MnWw,10,11.74557809
Fence,None,1890,12.05088453
MiscFeature,Gar2,4,11.99180154
MiscFeature,None,2258,11.98916586
MiscFeature,Othr,3,12.13350733
MiscFeature,Shed,75,11.90497431
