rank,feature,n_levels,eta_squared,median_range
1,Neighborhood,28,0.5935137762,1.295790092
2,BsmtQual,6,0.4888019096,1.327387226
3,ExterQual,4,0.4725665236,1.40546652
4,KitchenQual,5,0.4451000925,1.129858385
5,GarageFinish,4,0.3765953424,0.7618009923
6,MSSubClass,16,0.3341603363,0.8493081306
7,GarageType,7,0.3270994312,0.8479730122
8,FireplaceQu,6,0.3178748826,0.9276830579
9,Foundation,6,0.3132808085,0.6882761603
10,HeatingQC,5,0.2544672836,1.65535639
11,BsmtFinType1,7,0.2370786055,0.7429607607
12,Exterior1st,16,0.2092376363,1.060111161
13,MSZoning,7,0.1998201479,2.769650473
14,MasVnrType,5,0.1978497058,1.124311691
15,Exterior2nd,17,0.1909655594,1.160014052
16,BsmtExposure,5,0.1751276837,0.8613312777
17,GarageQual,6,0.1547918204,1.115641416
18,GarageCond,6,0.1526525285,0.5257249365
19,CentralAir,2,0.1368990878,0.5078444986
20,PavedDrive,3,0.1364764332,0.4491218555
21,LotShape,4,0.0986862756,0.3845121371
22,Electrical,5,0.09310815729,0.9192623871
23,HouseStyle,8,0.08918091566,0.5248819954
24,BsmtCond,6,0.08319990461,0.6840074267
25,Condition1,9,0.0518107224,0.591360886
26,RoofStyle,6,0.04915703335,0.5280742556
27,BsmtFinType2,7,0.04912896433,0.7533241361
28,ExterCond,5,0.04577335195,0.7686477218
29,BldgType,5,0.04344788199,0.4062960041
30,Functional,8,0.04265353581,1.860550865
31,Fence,5,0.04026077841,0.3053064354
32,Alley,3,0.03333575226,0.3450788942
33,Heating,6,0.02956134754,0.7978102213
34,LandContour,4,0.02835255279,0.5200876508
35,LotConfig,5,0.0207430155,0.2728513507
36,Condition2,8,0.01977757932,1.518196963
37,Street,2,0.009629712339,0.6085003471
38,RoofMatl,6,0.009262326027,0.7130160452
39,PoolQC,5,0.004404430895,0.9101623743
40,MiscFeature,4,0.003988918244,0.2285330195
41,LandSlope,3,0.003520137103,0.436103143
42,Utilities,3,0.002719837752,0.6757227259
