Neighborhood,n,median_log_price
MeadowV,29,11.37997676
IDOTRR,73,11.54249398
BrDale,24,11.56647571
OldTown,207,11.71178452
Edwards,153,11.71994776
BrkSide,89,11.74800549
Sawyer,115,11.80932691
SWISU,37,11.82408722
Blueste,7,11.8277435
Landmrk,1,11.8277435
NAmes,354,11.85652226
NPkVill,18,11.87670672
Mitchel,90,11.94954003
SawyerW,94,12.10348776
Gilbert,140,12.10662786
NWAmes,99,12.12811651
Blmngtn,23,12.16785663
Greens,8,12.19521046
CollgCr,205,12.20607765
Crawfor,87,12.20657752
ClearCr,35,12.20857451
Somerst,147,12.32386013
Timber,56,12.33914262
GrnHill,1,12.34583894
Veenker,20,12.45873175
NoRidge,52,12.61403485
NridgHt,137,12.66823625
StoneBr,39,12.67576685
