scale,level,n,median_log_price
ExterQual,Fa,30,11.4211853
ExterQual,TA,1438,11.84223641
ExterQual,Gd,785,12.28765724
ExterQual,Ex,87,12.82665182
ExterCond,Po,3,11.24505909
ExterCond,Fa,53,11.6526961
ExterCond,TA,2043,12.01370681
ExterCond,Gd,233,11.91839724
ExterCond,Ex,8,11.97178665
BsmtQual,None,67,11.53077521
BsmtQual,Po,2,11.34869217
BsmtQual,Fa,67,11.62626308
BsmtQual,TA,1036,11.81303746
BsmtQual,Gd,963,12.16525586
BsmtQual,Ex,205,12.6760794
BsmtCond,None,67,11.53077521
BsmtCond,Po,4,11.61551878
BsmtCond,Fa,81,11.68267668
BsmtCond,TA,2088,12.01067193
BsmtCond,Gd,98,12.21478263
BsmtCond,Ex,2,12.19533856
HeatingQC,Po,2,10.53051865
HeatingQC,Fa,75,11.70355409
HeatingQC,TA,693,11.81229646
HeatingQC,Gd,364,11.90159023
HeatingQC,Ex,1206,12.18587504
KitchenQual,Po,1,11.58525543
KitchenQual,Fa,55,11.56172515
KitchenQual,TA,1192,11.82335409
KitchenQual,Gd,928,12.20607765
KitchenQual,Ex,164,12.69158354
FireplaceQu,None,1144,11.81488588
FireplaceQu,Po,36,11.85829216
FireplaceQu,Fa,63,11.96718709
FireplaceQu,TA,478,12.14791847
FireplaceQu,Gd,584,12.26904979
FireplaceQu,Ex,35,12.74256894
GarageQual,None,135,11.51193497
GarageQual,Po,5,11.30098146
GarageQual,Fa,97,11.6526961
GarageQual,TA,2083,12.03765991
GarageQual,Gd,18,12.41662288
GarageQual,Ex,2,12.38524276
GarageCond,None,135,11.51193497
GarageCond,Po,12,11.58054979
GarageCond,Fa,55,11.63515195
GarageCond,TA,2125,12.03765991
GarageCond,Gd,12,11.89473511
GarageCond,Ex,1,11.69941333
PoolQC,None,2331,11.98293534
PoolQC,Fa,1,12.10625784
PoolQC,TA,3,11.93819974
PoolQC,Gd,3,12.46844076
PoolQC,Ex,2,12.84836211
