feature,definition,expected_relationship,n,n_missing,pearson,spearman,assessment_rule,observed,hypothesis_supported
TotalSF,TotalBsmtSF + 1stFlrSF + 2ndFlrSF,"Strongly positive, near-linear; at least as strong as GrLivArea (§10.2)",2340,0,0.8194316925,0.8080345382,Spearman > 0.5 and >= GrLivArea's,Spearman 0.808 (GrLivArea 0.719),True
TotalBath,FullBath + 0.5*HalfBath + BsmtFullBath + 0.5*BsmtHalfBath,"Positive and roughly stepwise, diminishing at high counts (§10.3)",2340,0,0.6740760458,0.7168029907,Spearman > 0 and median rises across values with >= 10 rows,"Spearman 0.717; median log price rises across values [1.0, 1.5, 2.0, 2.5, 3.0, 3.5, 4.0]: False; last step smaller than the largest: True",False
HouseAge,YrSold - YearBuilt,"Negative, non-linear: steep drop over the first decades, then flattening (§10.4)",2340,0,-0.60862937,-0.6741592452,Spearman < 0 and the younger half of the decile trend is steeper,"Spearman -0.674; slope of binned medians per year: younger half -0.0136, older half -0.0031",True
RemodAge,YrSold - YearRemodAdd,Negative (§10.5),2340,0,-0.5918582798,-0.6089131918,Spearman < 0,Spearman -0.609,True
IsRemodeled,1 if YearRemodAdd != YearBuilt else 0,"Weak on its own, possibly mixed (§10.6)",2340,0,-0.0891222246,-0.08905118586,|Spearman| < 0.2,Spearman -0.089; median gap -0.073 (1090 remodeled),True
TotalPorchSF,OpenPorchSF + EnclosedPorch + 3SsnPorch + ScreenPorch,Mildly positive (§10.7),2340,0,0.186825819,0.252838896,0 < Spearman < 0.5,Spearman 0.253,True
HasPool,1 if PoolArea > 0 else 0,Uncertain: too rare for a reliable estimate (§10.8),2340,0,0.0461450815,0.04158339957,fewer than 1% of rows have a pool,9 pools (0.38% of rows); median gap +0.356,True
HasGarage,1 if GarageType != 'None' else 0,Clearly positive: garage-less houses are markedly cheaper (§10.8),2340,0,0.3183903609,0.3016667133,median log price gap > 0.2,median log price gap +0.509 (2206 of 2340 with the feature),True
HasBsmt,1 if TotalBsmtSF > 0 else 0,Positive (§10.8),2340,0,0.215453303,0.1971922084,median log price gap > 0,median log price gap +0.471 (2273 of 2340 with the feature),True
HasFireplace,1 if Fireplaces > 0 else 0,Positive (§10.8),2340,0,0.5169721056,0.5337755425,median log price gap > 0,median log price gap +0.361 (1196 of 2340 with the feature),True
Has2ndFlr,1 if 2ndFlrSF > 0 else 0,Mixed: not uniformly more expensive than one-story homes of the same total size (§10.8),2340,0,0.09233453511,0.09685108206,the gap changes sign across TotalSF quintiles (groups of >= 10),"median gap (2nd floor - none) within TotalSF quintiles: -0.065, +0.017, +0.074, +0.053, +0.045",True
GarageAge,"YrSold - GarageYrBlt with a garage, else 0",Negative but weak once HouseAge is known (§10.9),2339,1,-0.4225506047,-0.4342548624,Spearman < 0 among garage houses and |partial given HouseAge| smaller,Spearman -0.629 (garage houses); partial given HouseAge -0.072,True
