feature,bin,n,x_median,median_log_price
TotalSF,0,234,1489.5,11.5074101
TotalSF,1,234,1786,11.73607702
TotalSF,2,234,2007,11.79434547
TotalSF,3,234,2184,11.86578678
TotalSF,4,234,2357,11.95118685
TotalSF,5,234,2553.5,12.08103933
TotalSF,6,234,2752,12.16003394
TotalSF,7,234,2988,12.26904979
TotalSF,8,234,3304,12.40369322
TotalSF,9,234,3933,12.6760794
TotalBath,0,234,1,11.6526961
TotalBath,1,234,1,11.73607702
TotalBath,2,234,1.5,11.86358938
TotalBath,3,234,2,11.89136875
TotalBath,4,234,2,11.88449592
TotalBath,5,234,2,11.95921769
TotalBath,6,234,2.5,12.11861115
TotalBath,7,234,2.5,12.20582758
TotalBath,8,234,3,12.31939583
TotalBath,9,234,3.5,12.49015586
HouseAge,0,234,1,12.44902275
HouseAge,1,234,3,12.22096618
HouseAge,2,234,7,12.27139405
HouseAge,3,234,15,12.1717443
HouseAge,4,234,31,11.94795061
HouseAge,5,234,39,11.84761595
HouseAge,6,234,48,11.87757552
HouseAge,7,234,55,11.77912883
HouseAge,8,234,73,11.73567686
HouseAge,9,234,94,11.69940472
RemodAge,0,234,0,12.4292202
RemodAge,1,234,2,12.18663846
RemodAge,2,234,4,12.13458072
RemodAge,3,234,8,12.18075997
RemodAge,4,234,12,12.12811651
RemodAge,5,234,21.5,12.03469256
RemodAge,6,234,34,11.86709814
RemodAge,7,234,44,11.85296989
RemodAge,8,234,54,11.76582882
RemodAge,9,234,58,11.6439625
TotalPorchSF,0,234,0,11.83283889
TotalPorchSF,1,234,0,11.84761595
TotalPorchSF,2,234,0,11.7962287
TotalPorchSF,3,234,27,12.08103933
TotalPorchSF,4,234,41.5,12.15082858
TotalPorchSF,5,234,63,12.17045065
TotalPorchSF,6,234,96,12.13189255
TotalPorchSF,7,234,136,11.95118685
TotalPorchSF,8,234,198,11.9984347
TotalPorchSF,9,234,288.5,12.10762953
GarageAge,0,234,0,11.9763334
GarageAge,1,234,1,12.31043717
GarageAge,2,234,5,12.23077014
GarageAge,3,234,9,12.20607765
GarageAge,4,234,16,12.0929039
GarageAge,5,233,30,11.92338475
GarageAge,6,234,38,11.85563496
GarageAge,7,234,47,11.88017291
GarageAge,8,234,55,11.80559558
GarageAge,9,234,80,11.73607702
