feature,value,n,median_log_price
IsRemodeled,0,1250,12.02365668
IsRemodeled,1,1090,11.95086416
HasPool,0,2331,11.98293534
HasPool,1,9,12.33929587
HasGarage,0,134,11.51043123
HasGarage,1,2206,12.01974909
HasBsmt,0,67,11.53077521
HasBsmt,1,2273,12.00151161
HasFireplace,0,1144,11.81488588
HasFireplace,1,1196,12.17613636
Has2ndFlr,0,1344,11.94093114
Has2ndFlr,1,996,12.06014178
TotalBath,1,363,11.6526961
TotalBath,1.5,233,11.84582705
TotalBath,2,740,11.88449592
TotalBath,2.5,436,12.13886924
TotalBath,3,302,12.29682115
TotalBath,3.5,230,12.4674783
TotalBath,4,21,12.37106576
TotalBath,4.5,9,13.04332233
TotalBath,5,3,11.97666577
TotalBath,7,3,12.50432738
