branch,feature,reference_model,reference_params,mean_with,se_with,mean_without,se_without,delta,delta_se,retained
linear,TotalSF,ridge,"{""alpha"": 17.78279410038923}",0.1126097915,0.002385853046,0.1127569692,0.002412183759,0.0001471777094,6.590673548e-05,True
linear,TotalBath,ridge,"{""alpha"": 17.78279410038923}",0.1126097915,0.002385853046,0.1125756388,0.002385487075,-3.415267453e-05,7.86292856e-06,False
linear,HouseAge,ridge,"{""alpha"": 17.78279410038923}",0.1126097915,0.002385853046,0.1126249359,0.002384132898,1.514436036e-05,2.825743921e-05,True
linear,RemodAge,ridge,"{""alpha"": 17.78279410038923}",0.1126097915,0.002385853046,0.1125961119,0.002377772637,-1.367958516e-05,2.220238659e-05,False
linear,IsRemodeled,ridge,"{""alpha"": 17.78279410038923}",0.1126097915,0.002385853046,0.1126399596,0.002372756946,3.016814086e-05,2.683426449e-05,True
linear,TotalPorchSF,ridge,"{""alpha"": 17.78279410038923}",0.1126097915,0.002385853046,0.1127101076,0.002381230448,0.0001003161345,6.824960933e-05,True
linear,HasPool,ridge,"{""alpha"": 17.78279410038923}",0.1126097915,0.002385853046,0.1125994185,0.00238747087,-1.037296069e-05,7.225620118e-06,False
linear,HasGarage,ridge,"{""alpha"": 17.78279410038923}",0.1126097915,0.002385853046,0.1126668291,0.002394523772,5.703758507e-05,2.017196325e-05,True
linear,HasBsmt,ridge,"{""alpha"": 17.78279410038923}",0.1126097915,0.002385853046,0.1125840986,0.002376461688,-2.569287967e-05,2.273410831e-05,False
linear,HasFireplace,ridge,"{""alpha"": 17.78279410038923}",0.1126097915,0.002385853046,0.1126132644,0.002383348756,3.472877552e-06,1.905119309e-05,True
linear,Has2ndFlr,ridge,"{""alpha"": 17.78279410038923}",0.1126097915,0.002385853046,0.112622433,0.002387103382,1.264145483e-05,3.312600924e-06,True
linear,GarageAge,ridge,"{""alpha"": 17.78279410038923}",0.1126097915,0.002385853046,0.1125779232,0.002398050367,-3.186830819e-05,9.879129067e-05,False
tree,TotalSF,lightgbm,"{""colsample_bytree"": 0.7, ""deterministic"": true, ""force_row_wise"": true, ""learning_rate"": 0.05, ""min_child_samples"": 20, ""n_estimators"": 600, ""n_jobs"": 1, ""num_leaves"": 15, ""random_state"": 42, ""reg_alpha"": 0.0, ""reg_lambda"": 0.0, ""subsample"": 0.8, ""subsample_freq"": 1, ""verbose"": -1}",0.117363199,0.002682507881,0.1177061169,0.002646074836,0.0003429179125,0.0006267213484,True
tree,TotalBath,lightgbm,"{""colsample_bytree"": 0.7, ""deterministic"": true, ""force_row_wise"": true, ""learning_rate"": 0.05, ""min_child_samples"": 20, ""n_estimators"": 600, ""n_jobs"": 1, ""num_leaves"": 15, ""random_state"": 42, ""reg_alpha"": 0.0, ""reg_lambda"": 0.0, ""subsample"": 0.8, ""subsample_freq"": 1, ""verbose"": -1}",0.117363199,0.002682507881,0.1173652663,0.002580933754,2.067263689e-06,0.0004519228317,True
tree,HouseAge,lightgbm,"{""colsample_bytree"": 0.7, ""deterministic"": true, ""force_row_wise"": true, ""learning_rate"": 0.05, ""min_child_samples"": 20, ""n_estimators"": 600, ""n_jobs"": 1, ""num_leaves"": 15, ""random_state"": 42, ""reg_alpha"": 0.0, ""reg_lambda"": 0.0, ""subsample"": 0.8, ""subsample_freq"": 1, ""verbose"": -1}",0.117363199,0.002682507881,0.1173005782,0.002600940453,-6.262079686e-05,0.000426250724,False
tree,RemodAge,lightgbm,"{""colsample_bytree"": 0.7, ""deterministic"": true, ""force_row_wise"": true, ""learning_rate"": 0.05, ""min_child_samples"": 20, ""n_estimators"": 600, ""n_jobs"": 1, ""num_leaves"": 15, ""random_state"": 42, ""reg_alpha"": 0.0, ""reg_lambda"": 0.0, ""subsample"": 0.8, ""subsample_freq"": 1, ""verbose"": -1}",0.117363199,0.002682507881,0.1169897865,0.002476760732,-0.0003734125318,0.0004532023598,False
tree,IsRemodeled,lightgbm,"{""colsample_bytree"": 0.7, ""deterministic"": true, ""force_row_wise"": true, ""learning_rate"": 0.05, ""min_child_samples"": 20, ""n_estimators"": 600, ""n_jobs"": 1, ""num_leaves"": 15, ""random_state"": 42, ""reg_alpha"": 0.0, ""reg_lambda"": 0.0, ""subsample"": 0.8, ""subsample_freq"": 1, ""verbose"": -1}",0.117363199,0.002682507881,0.1172828401,0.002723121494,-8.035894005e-05,0.0004427262345,False
tree,TotalPorchSF,lightgbm,"{""colsample_bytree"": 0.7, ""deterministic"": true, ""force_row_wise"": true, ""learning_rate"": 0.05, ""min_child_samples"": 20, ""n_estimators"": 600, ""n_jobs"": 1, ""num_leaves"": 15, ""random_state"": 42, ""reg_alpha"": 0.0, ""reg_lambda"": 0.0, ""subsample"": 0.8, ""subsample_freq"": 1, ""verbose"": -1}",0.117363199,0.002682507881,0.1175680243,0.002665765374,0.0002048252641,0.00043156765,True
tree,HasPool,lightgbm,"{""colsample_bytree"": 0.7, ""deterministic"": true, ""force_row_wise"": true, ""learning_rate"": 0.05, ""min_child_samples"": 20, ""n_estimators"": 600, ""n_jobs"": 1, ""num_leaves"": 15, ""random_state"": 42, ""reg_alpha"": 0.0, ""reg_lambda"": 0.0, ""subsample"": 0.8, ""subsample_freq"": 1, ""verbose"": -1}",0.117363199,0.002682507881,0.117363199,0.002682507881,0,0,True
tree,HasGarage,lightgbm,"{""colsample_bytree"": 0.7, ""deterministic"": true, ""force_row_wise"": true, ""learning_rate"": 0.05, ""min_child_samples"": 20, ""n_estimators"": 600, ""n_jobs"": 1, ""num_leaves"": 15, ""random_state"": 42, ""reg_alpha"": 0.0, ""reg_lambda"": 0.0, ""subsample"": 0.8, ""subsample_freq"": 1, ""verbose"": -1}",0.117363199,0.002682507881,0.1171981145,0.002786995251,-0.0001650844838,0.0005159814424,False
tree,HasBsmt,lightgbm,"{""colsample_bytree"": 0.7, ""deterministic"": true, ""force_row_wise"": true, ""learning_rate"": 0.05, ""min_child_samples"": 20, ""n_estimators"": 600, ""n_jobs"": 1, ""num_leaves"": 15, ""random_state"": 42, ""reg_alpha"": 0.0, ""reg_lambda"": 0.0, ""subsample"": 0.8, ""subsample_freq"": 1, ""verbose"": -1}",0.117363199,0.002682507881,0.1171358922,0.002789894395,-0.0002273068033,0.0004988237534,False
tree,HasFireplace,lightgbm,"{""colsample_bytree"": 0.7, ""deterministic"": true, ""force_row_wise"": true, ""learning_rate"": 0.05, ""min_child_samples"": 20, ""n_estimators"": 600, ""n_jobs"": 1, ""num_leaves"": 15, ""random_state"": 42, ""reg_alpha"": 0.0, ""reg_lambda"": 0.0, ""subsample"": 0.8, ""subsample_freq"": 1, ""verbose"": -1}",0.117363199,0.002682507881,0.1171890327,0.002728274508,-0.000174166282,0.0004437769651,False
tree,Has2ndFlr,lightgbm,"{""colsample_bytree"": 0.7, ""deterministic"": true, ""force_row_wise"": true, ""learning_rate"": 0.05, ""min_child_samples"": 20, ""n_estimators"": 600, ""n_jobs"": 1, ""num_leaves"": 15, ""random_state"": 42, ""reg_alpha"": 0.0, ""reg_lambda"": 0.0, ""subsample"": 0.8, ""subsample_freq"": 1, ""verbose"": -1}",0.117363199,0.002682507881,0.1174052997,0.002806503556,4.210063215e-05,0.0005064845807,True
tree,GarageAge,lightgbm,"{""colsample_bytree"": 0.7, ""deterministic"": true, ""force_row_wise"": true, ""learning_rate"": 0.05, ""min_child_samples"": 20, ""n_estimators"": 600, ""n_jobs"": 1, ""num_leaves"": 15, ""random_state"": 42, ""reg_alpha"": 0.0, ""reg_lambda"": 0.0, ""subsample"": 0.8, ""subsample_freq"": 1, ""verbose"": -1}",0.117363199,0.002682507881,0.11742715,0.00273198114,6.395092679e-05,0.0004985410839,True
