question,text,answer,evidence
Q1,"Does the raw file match the expected shape (2,930 x 82), column names, and types?",Yes: 2930 rows x 82 columns; all 82 columns carry their schema names and 82 of 82 load with the declared dtype.,"E-01, E-03"
Q2,Are all category values within the data dictionary's allowed codes?,"Yes: no observed value falls outside the allowed lists (0 columns with out-of-list values). The file uses its own spellings for some codes (MSZoning, Neighborhood, BldgType, Exterior2nd, SaleType), which the allowed lists include.",E-02
Q3,Are Id and PID unique and is every SalePrice positive?,Id unique: True; PID unique: True; SalePrice > 0: True; raw-file hash confirmed: True.,E-03
Q4,Does the CSV parser change missing-value counts depending on its defaults?,"Yes, for MasVnrType (23 -> 1775). The explicit token contract (DN-18) keeps the counts stable.",E-04
Q5,"How skewed and heavy-tailed is SalePrice, and how much does log1p reduce this?",Skewness 1.66 and excess kurtosis 4.23 in dollars; 0.02 and 1.17 after log1p (development set).,"E-05, E-06"
Q6,Is residual spread larger for expensive homes on the raw scale than on the log scale?,"Yes: the residual SD in the top fitted-value decile is 2.80x the bottom decile in dollars, versus 0.75x on the log scale.",E-07
Q7,"For each column with NA, does it mean 'absent' or 'unknown'?","8 columns are purely absent, 8 purely unknown (LotFrontage, Electrical, and fields of unrecorded rows), 11 mixed: absent except for the documented anomaly rows.","E-09, E-10"
Q8,Are 'absent' patterns internally consistent?,"Largely: the garage, basement, and masonry absence patterns hold, with these flagged exceptions: garage_partially_recorded (Ids 1357, 2237), basement_exposure_missing_with_basement (Ids 67, 1797, 2780), basement_fintype2_missing_with_area (Ids 445), basement_areas_unrecorded (Ids 1342), masvnr_none_with_area (Ids 364, 404, 442, 1862, 1914, 2004, 2529), garage_built_after_sale (Ids 2181, 2261), remodel_before_built (Ids 851).",E-11
Q9,Does missingness in LotFrontage relate to price?,"Rows with LotFrontage missing (382) have a median log price +0.091 (about +9% in dollars) relative to recorded rows (1958), so missingness carries some price signal; the missing-indicator column lets the model use it.",E-12
Q10,Which numeric features are strongly skewed or zero-inflated?,"Skewness > 1: LotFrontage, LotArea, MasVnrArea, BsmtFinSF2, LowQualFinSF, BsmtHalfBath, KitchenAbvGr, WoodDeckSF, OpenPorchSF, EnclosedPorch, 3SsnPorch, ScreenPorch, PoolArea, MiscVal. At least 50% zeros: MasVnrArea, BsmtFinSF2, 2ndFlrSF, LowQualFinSF, BsmtFullBath, BsmtHalfBath, HalfBath, WoodDeckSF, EnclosedPorch, 3SsnPorch, ScreenPorch, PoolArea, MiscVal.","E-13, E-14"
Q11,"Which features correlate most with log price, and which are strongly correlated with each other?","Top by |Spearman|: OverallQual, GrLivArea, GarageCars, YearBuilt, GarageArea. Strongly correlated pairs (|r| >= 0.7): GarageCars-GarageArea (0.89), YearBuilt-GarageYrBlt (0.83), GrLivArea-TotRmsAbvGrd (0.81), TotalBsmtSF-1stFlrSF (0.79).","E-15, E-16, E-17"
Q12,Which categorical features are near-constant or have rare categories?,"Top level covers >= 95% of rows: Condition2, Heating, RoofMatl, PoolQC, MiscFeature, LandSlope, Utilities, Street. 104 categories in 34 features fall under 1% of development rows.","E-19, E-20"
Q13,Do quality scales relate monotonically to price?,"Monotonic: ExterQual, BsmtQual, BsmtCond, HeatingQC, KitchenQual, FireplaceQu, GarageQual. Not monotonic: ExterCond, GarageCond.",E-23
Q14,"Are relationships mostly linear in log space, or are there thresholds and interactions?","Mostly monotonic and close to linear for the main drivers: for the top 8 predictors Pearson and Spearman differ by 0.031 on average. Step-like effects appear in the categorical and ordinal scales (E-21, E-23) and in OverallQual's convex dollar profile (E-17). Engineered-feature evidence (E-28) completes this answer in M4.","E-17, E-21"
Q15,"Which properties fall above 4,000 sq ft, and how do their prices compare with the size trend?","5 homes (Ids 1499, 1761, 1768, 2181, 2182). The 3 partial sales sit -8.8, -7.1, -6.2 SD below the in-scope size trend; the others are near-top-priced homes. Removing them changes the log-price slope by +5.9%.","E-24, E-25, E-26"
Q16,"Are there other extreme values, and are they legitimate?",Values beyond the 99th percentile exist in all 10 key features; all are within the schema's physical ranges. Features whose extremes include rows flagged by a consistency rule: TotalBsmtSF. No statistical outlier removal is warranted (ADR-06).,E-18
Q17,Does each approved engineered feature show the expected relationship with log price?,"Open: answered in M4 (E-27, E-28) and M7 (ablation, E-30).","E-27, E-28, E-30"
Q18,Which columns would not be known at listing time?,"Not known at listing: SaleType, SaleCondition (excluded; rows kept). Identifiers Id and PID are excluded as non-attributes.",E-31
Q19,"How are sales distributed across 2006-2010, and does price level shift across years?","Sales per year: 2006: 491, 2007: 564, 2008: 490, 2009: 517, 2010: 278 (2010 covers months 1-7). Median log price varies by 0.083 across years. Sales peak in month 6.","E-32, E-33, E-34"
