Neighborhood,n,log_rmse,mean_signed_error
GrnHill,1,0.4608402456,-0.4608402456
IDOTRR,73,0.2490918744,0.02577237744
Veenker,20,0.1771956615,0.02440582974
Edwards,153,0.1441353805,0.01442001901
ClearCr,35,0.1347588056,-0.01494832862
OldTown,207,0.1321028226,0.008085389348
Mitchel,90,0.1221592534,0.00572582056
SWISU,37,0.1214217506,-0.009665084063
Crawfor,87,0.118769366,-0.03671590364
NWAmes,99,0.107206508,0.007158894251
BrkSide,89,0.1054711162,-0.01141054118
Blueste,7,0.1043240202,-0.0289082144
StoneBr,39,0.1005305181,-0.03275683567
Timber,56,0.09866076339,0.007355170173
NAmes,354,0.09485676887,2.833139577e-05
Blmngtn,23,0.09115330741,0.0008512749068
Sawyer,115,0.08774503852,-0.002391378794
NridgHt,137,0.08394673637,-0.005581403429
MeadowV,29,0.08137332899,0.02240940071
NoRidge,52,0.08082204407,-0.02508033048
SawyerW,94,0.08034016842,0.01271878984
Greens,8,0.07594955806,-0.03953671015
BrDale,24,0.07564586744,-0.01162513496
Somerst,147,0.0748297869,-0.008244416064
Gilbert,140,0.06848412374,0.003267621048
CollgCr,205,0.0593706895,0.004365002308
Landmrk,1,0.05219395464,0.05219395464
NPkVill,18,0.04750203257,-0.01063260197
