decile,n,actual_log_min,actual_log_max,mean_signed_error,se,ci_low,ci_high,log_rmse
0,234,9.480443842,11.56172515,0.08936184305,0.01297473863,0.06393135534,0.1147923308,0.2172778274
1,243,11.56647571,11.72804491,-0.002011218348,0.006191597814,-0.01414675006,0.01012431337,0.09633965333
2,234,11.72885103,11.81303746,0.004153916542,0.0056736086,-0.006966356313,0.0152741894,0.08670343979
3,225,11.8167343,11.89342142,-0.01080854458,0.005767062997,-0.02211198805,0.0004948988971,0.08698760907
4,237,11.89478753,11.98293534,-0.01114618367,0.006357460784,-0.02360680681,0.001314439462,0.09829914552
5,232,11.98418456,12.08954445,0.0008008157152,0.005380668425,-0.009745294398,0.01134692583,0.0817830008
6,233,12.0917891,12.20106513,0.009232323285,0.004752445027,-8.246896692e-05,0.01854711554,0.07297346106
7,241,12.20357453,12.34583894,-0.01688422655,0.005314525471,-0.02730069648,-0.006467756631,0.08404570508
8,227,12.34735083,12.54254845,-0.02034651992,0.006417849216,-0.03292550438,-0.007767535453,0.09860348415
9,234,12.54611351,13.34550853,-0.04349754615,0.00550364324,-0.0542846869,-0.0327104054,0.09460246951
