bin,n,predicted_median,mean_signed_error,sd_signed_error
0,117,11.29160895,0.01698043089,0.2348048442
1,117,11.50186362,0.001713534406,0.145746908
2,117,11.61899027,0.0006982276803,0.1135679999
3,117,11.69014393,-0.00992381388,0.1064839799
4,117,11.74294108,-0.006106418462,0.1004836481
5,117,11.78827779,-0.008561293309,0.07690322411
6,117,11.82691819,0.007976169586,0.1009401068
7,117,11.86273479,-0.01167751443,0.08076392799
8,117,11.90597401,-0.009678858384,0.08051637635
9,117,11.96271459,-0.004055045429,0.09601612915
10,117,12.02034466,0.01675085273,0.09982721118
11,117,12.07777958,0.006065949987,0.1066876172
12,117,12.12698812,0.02073395324,0.08834721988
13,117,12.17614894,0.00340368245,0.07753876655
14,117,12.22817247,-0.003283526039,0.08577903264
15,117,12.29442709,0.007623761949,0.08956976206
16,117,12.37576773,0.002265053014,0.1024236716
17,117,12.47506302,-0.009345587489,0.06475474444
18,117,12.62094416,0.00399851452,0.1188780965
19,117,12.82390998,-0.02736328863,0.09577010547
